Address,Source URL
"Honorable CM Devendra Fadnavis at the Serum Institute of India head office, India on January 7, 2016",https://www.seruminstitute.com
Solar street lighting for non polluting source of electricity and independent of the utility grid.,https://www.seruminstitute.com
"212/2, Hadapsar, Off Soli Poonawalla Road,Pune 411028 India",https://www.seruminstitute.com
The most important aspect of Wockhardt is the exceptional leadership under whose guidance the scientific team's efforts have led to remarkable achievements.,https://www.wockhardt.com
OUR DISCOVERY. ROAD TO RECOVERY.Know MoreInnovation Wins. Excellence Wins.LIFE WINSKnow More,https://www.wockhardt.com
"Being different and making a difference. That sums up the vision, philosophy, conviction and driving force behind Dr. Habil F Khorakiwala who revels in venturing down the road less travelled.",https://www.wockhardt.com
Chief Digital Officer – Information Technology,https://www.wockhardt.com
Chief Scientific Officer – New Drug Discovery,https://www.wockhardt.com
"6777 granted Fast Track designation by USFDA, completes Phase I study conducted by NIH, US",https://www.wockhardt.com
Chief Financial Officer – Finance,https://www.wockhardt.com
IEPFUnclaimed DividendNodal Officer,https://www.wockhardt.com
From Chairman’s OfficeAGM SpeechLetter to Shareowners,https://www.wockhardt.com
"Order-In-Original from Office of Assistant Commissioner, CGST Division, Baddi, Himachal PradeshPosted on: 25 Jan 2025",https://www.zyduslife.com
"Order-In-Original from Office of Assistant Commissioner, CGST Division, Baddi, Himachal Pradesh",https://www.zyduslife.com
"Provides a new lease of life to Indian patients of inflammatory arthritis, who did not have access to this revolutionary therapy, so far.",https://www.zyduslife.com
Contact UsRegistered OfficeBusinessQuery/ComplaintDistribution NetworkContract Manufacturing,https://www.indimmune.com
Registered OfficeBusinessQuery/ComplaintDistribution NetworkContract Manufacturing,https://www.indimmune.com
Current R & D PipelinePublicationsRegistered OfficeBusinessQuery/ComplaintDistribution NetworkContract ManufacturingADR Reporting for Human Health,https://www.indimmune.com
Manufacturingplant at 8 locations ICMED Certified,https://www.transasia.co.in
Erba Global HQ Office,https://www.transasia.co.in
plant at 8 locations ICMED Certified,https://www.transasia.co.in
"1999-00Praj enters South Central America with an office in Bogota, ColombiaEnergy saving multi-pressure distillation system becomes an industry standard",https://www.praj.net
"His valuable contribution to the entrepreneurship world. The Award for leaders who have set exemplary standards, inspired all with their ideas, beliefs, persistence, and unparalleled business acumen.",https://www.praj.net
"Praj Industries Limited acquires majority stake (60%) in Neela Systems Limited, a specialist in high purity water systems to address the entire gamut of water and wastewater treatment chain",https://www.praj.net
We are here to answer any question you may have. Feel free to reach viacontact form.,https://www.praj.net
Bagged 39th Rank among ‘Elite 100’ published by Dalal Street Investment Journal,https://www.praj.net
"""Praj Tower"" 274 & 275/2, Bhumkar Chowk, Hinjewadi Road, Hinjewadi, Pune 411057, Maharashtra, India.",https://www.praj.net
DESIGNATED E-MAIL ADDRESS FOR MANAGEMENT MEETINGS :E-mail:investor@praj.net,https://www.praj.net
"How Praj Industries is riding the green wave with biofuels, ethanol blending, and clean energy tech",https://www.praj.net
"""We have a well-developed research pipeline in India, with a primary focus on cancer treatments.""",https://www.drreddys.com
"We continue working towards reducing our environmental footprint, addressing ecological risks from our operations, and are progressing towards carbon neutrality",https://www.drreddys.com
"50 partners globally, mainly in the USA, We",https://www.drreddys.com
Addressing unmetpatient needs,https://www.drreddys.com
"3 Banjara Hills,Hyderabad,Te",https://www.drreddys.com
we have a long standing reputation,https://www.drreddys.com
Key ContactsGlobal LocationsReport Adverse Event,https://www.drreddys.com
Why do I no longer have access to shared content in Novo Nordisk?If you haven't accessed the Novo Nordisk environment for 60 days your access is automatically removed.,https://www.novonordisk.com
Find your local officeSelect location,https://www.novonordisk.com
"Addressing this requires a""it takes a village"" approach, where communities, education systems, policymakers and governments collaborate to create supportive environments.",https://www.novonordisk.com
About procurement in Novo NordiskWe have more than 500 dedicated procurement professionals working across 20 categories and optimizing a DKK 40 billion procurement budget.,https://www.novonordisk.com
Sorry. You can not access the page.The page pro.biontech.com is not accessible from your location. You have been redirected to our corporate website for more information and resources.Close,https://www.biontech.com
Investment into R&D in 2025 to address cancer care across indications with high incidence,https://www.biontech.com
€ 2.10bnInvestment into R&D in 2025 to address cancer care across indications with high incidenceExplore our diversified pipeline,https://www.biontech.com
The page pro.biontech.com is not accessible from your location. You have been redirected to our corporate website for more information and resources.,https://www.biontech.com
"I am hopeful. There are definitely a lot of ups and downs, and many challenges, but I have that hope that I can still live a happy life.AubreyLiving with Primary Hyperoxaluria Type 1More about PH1",https://www.alnylam.com
"Diversity, Equity & InclusionWe are proud of the award-winning, open, dynamic, and diverse culture we have built, where employees feel included, supported, and heard.LEARN MORE ›",https://www.alnylam.com
"First Alnylam international office opens in Maidenhead, UKLEARN MORE ›",https://www.alnylam.com
"Please note that these external sites have their own terms of service and privacy policies, which may differ from those of Alnylam.",https://www.alnylam.com
"I am hopeful. There are definitely a lot of ups and downs, and many challenges, but I have that hope that I can still live a happy life.",https://www.alnylam.com
Chief Ethics & Compliance Officer,https://www.alnylam.com
Chief Commercial Officer,https://www.alnylam.com
We believe biopharmaceutical companies must address access and improve outcomes from the time of drug discovery.,https://www.alnylam.com
"We believe we have an obligation to commit resources that promote diversity of clinical trials, ensure equitable access, and empower individuals with choice.",https://www.alnylam.com
"– Yvonne Greenstreet, MD, MBA, CEO of Alnylam",https://www.alnylam.com
Required FieldPlease enter a valid email addressPlease enter a valid namePlease enter a valid phone numberValue is too small,https://insilico.com
Please enter a valid email address,https://insilico.com
"9F, Chamtime Plaza Block C, Lane 2889, Jinke Road, Pudong New Area, Shanghai",https://insilico.com
"Contact lR & Email Alertir@insilico.ai9F, Chamtime Plaza Block C, Lane 2889,Jinke Road, Pudong New Area, Shanghai",https://insilico.com
"ir@insilico.ai9F, Chamtime Plaza Block C, Lane 2889,Jinke Road, Pudong New Area, Shanghai",https://insilico.com
"9F, Chamtime Plaza Block C, Lane 2889,Jinke Road, Pudong New Area, Shanghai",https://insilico.com
Aart Brouwer was the first head of Amgen’s European office from 1989 to 2001.,https://www.amgen.com
"In 1995, the Los Angeles Times writes a glowing article about Amgen’s relationship with the city of Thousand Oaks, calling it “a Match Made in Heaven.”",https://www.amgen.com
"2020Amgen Joins the Dow Jones Industrial AverageOn August 24, 2020, Amgen joins the Dow Jones Industrial Average.",https://www.amgen.com
Our ProductsAmgen’s medicines treat serious illnesses and typically address diseases with a limited number of treatment options.READ MORE,https://www.amgen.com
Amgen strives to serve patients by transforming the promise of science and biotechnology into therapies that have the power to restore health or save lives.,https://www.amgen.com
"Fabrice André, MD, PhDInstitut Gustave Roussy, Villejuif, France",https://www.amgen.com
"Executive Vice President for Health Affairs of Duke University, Dean of the Duke University School of Medicine, and Chief Academic Officer of Duke Health",https://www.amgen.com
Amgen’s medicines treat serious illnesses and typically address diseases with a limited number of treatment options.,https://www.amgen.com
"Nancy GrygielSenior Vice President, Worldwide Compliance & Business Ethics and Chief Compliance Officer",https://www.amgen.com
Mission and ValuesAmgen strives to serve patients by transforming the promise of science and biotechnology into therapies that have the power to restore health or save lives.,https://www.amgen.com
"Corporate HeadquartersBiogen225 Binney StreetCambridge, MA 02142USAbiogen.comPhone: +1 781-464-2000See location in Google maps",https://www.biogen.com
International HeadquartersBiogen International GmbHNeuhofstrasse 306340 BaarSwitzerlandbiogen.com/biogen-internationalPhone: +41 41 39 21700See location in Google maps,https://www.biogen.com
See location in Google maps,https://www.biogen.com
Developing life-transforming treatments is no small feat. Decades of investment and perseverance have brought us to where we are today.,https://www.regeneron.com
15.1K+employees worldwideExplore our locations,https://www.regeneron.com
Explore our locations,https://www.regeneron.com
Return to AboutOur CompanyHistoryLocations,https://www.regeneron.com
"Kathryn Guarini, PhDFormer Chief Information Officer, IBMVisit Full Bio page for Kathryn Guarini, PhD at investors.regeneron.com",https://www.regeneron.com
"Executive Vice President, Research and Co-Chief Scientific Officer",https://www.regeneron.com
"Senior Vice President, Chief Genomics and Data Science Officer, Regeneron Genetics Center",https://www.regeneron.com
"Andrew DeublerSenior Vice President, Chief Business and Administrative Officer, Regeneron Genetics CenterOpen Full Bio popup for Andrew Deubler",https://www.regeneron.com
"We proudly support a broad range of programs that offer support and resources to researchers, healthcare providers, patients and their advocates, as well as our local communities.",https://www.regeneron.com
"Andrew Murphy, PhDExecutive Vice President, Research and Co-Chief Scientific OfficerView Andrew's Bio",https://www.regeneron.com
Modern Slavery Act Statement,https://www.gilead.com
"We have a deep, diverse pipeline across Virology, Oncology and Inflammation.",https://www.gilead.com
"Access other contacts, including Gilead’s corporate headquarters, supplier information and more.",https://www.gilead.com
"If you have a general question about Gilead medicines, please visit theGilead Medical Information site",https://www.gilead.com
LEGALModern Slavery Act StatementPublic Policy EngagementSocial Media GuidelinesPrivacy StatementConsumer Health Data Privacy PolicyTerms of UseCookie Statement,https://www.gilead.com
"Other Gilead ContactsAccess other contacts, including Gilead’s corporate headquarters, supplier information and more.",https://www.gilead.com
"A Strong Pipeline Spanning Three Therapeutic AreasWe have a deep, diverse pipeline across Virology, Oncology and Inflammation.View Our Pipeline",https://www.gilead.com
"Our headquartersOur headquarters are located in Cambridge, Massachusetts, USA.Contact us",https://www.modernatx.com
18locations worldwide,https://www.modernatx.com
"Our headquarters are located in Cambridge, Massachusetts, USA.",https://www.modernatx.com
Scientists have been studying mRNAfor decades. And mRNA vaccines arejust the start.,https://www.modernatx.com
"1010 VaccinesCambridge, Massachusetts OR Princeton, NJ",https://www.modernatx.com
mRNA could revolutionize medicineScientists have been studying mRNAfor decades. And mRNA vaccines arejust the start.,https://www.modernatx.com
Scientists have been studying mRNA,https://www.modernatx.com
Get in touchSpeak to a specialistYour email address is never shared with third parties.,https://www.illumina.com
Your email address is never shared with third parties.,https://www.illumina.com
Illumina Research & InnovationGenomics Research HubIllumina Innovation RoadmapGenomics ArticlesIllumina PublicationsArtificial Intelligence (AI) in Genomics,https://www.illumina.com
Genomics Research HubIllumina Innovation RoadmapGenomics ArticlesIllumina Publications,https://www.illumina.com
Illumina Innovation Roadmap,https://www.illumina.com
"Samarth Kulkarni, Ph.D.Chief Executive Officer and Chairman of the BoardRead bioSamarth Kulkarni, Ph.D.Chief Executive Officer and Chairman of the Board",https://www.crisprtx.com
"Samarth Kulkarni, Ph.D.Chief Executive Officer and Chairman of the Board",https://www.crisprtx.com
"Samarth Kulkarni, Ph.D.Chief Executive Officer and Chairman of the BoardRead bio",https://www.crisprtx.com
"We encourage our employees to practice environmental sustainability and energy efficiency at our offices and laboratories in Switzerland, the United States, and around the world.",https://www.crisprtx.com
"Learn more about our programsWe have established a diverse portfolio across a broad range of disease areas including hemoglobinopathies, oncology, diabetes and cardiovascular disease.View Pipeline",https://www.crisprtx.com
"We have established a diverse portfolio across a broad range of disease areas including hemoglobinopathies, oncology, diabetes and cardiovascular disease.",https://www.crisprtx.com
Regenerative MedicineBroadening the applications of stem cells through gene editing.Learn more,https://www.crisprtx.com
"2 Inhibitor, Sonrotoclax, Ac",https://www.beigene.com
AboutAbout UsOur HistoryLeadershipOur StoriesOur OfficesPartneringManufacturing,https://www.beigene.com
45+Global office locations with exponential headcount growth in the U.S. and EU,https://www.beigene.com
Continents with BeOne locations,https://www.beigene.com
"1851 Harbor Bay Pkwy, Alameda, CA 94502",https://www.exelixis.com
"1851 Harbor Bay Pkwy, Alameda, CA",https://www.exelixis.com
This information—including product information—is intended only for residents of the United States.The products discussed herein may have different labeling in different countries.,https://www.seagen.com
The products discussed herein may have different labeling in different countries.,https://www.seagen.com
"We look for treatments that provide more than just symptom relief, in order to address the root cause of chronic inflammatory diseases at a molecular level",https://www.seagen.com
"Blueprint Medicines Global Headquarters45 Sidney StreetCambridge, MA 02139(617) 374-7580info@blueprintmedicines.com",https://www.blueprintmedicines.com
EU OfficeBlueprint Medicines (Switzerland) GmbHBaarerstrasse 86300 ZugSwitzerland,https://www.blueprintmedicines.com
"Blueprint Medicines Global Headquarters45 Sidney StreetCambridge, MA 02139(617) 374-7580info@blueprintmedicines.comEU OfficeBlueprint Medicines (Switzerland) GmbHBaarerstrasse 86300 ZugSwitzerland",https://www.blueprintmedicines.com
"We announced a transformative $1.25 billion strategic financing collaboration with Sixth Street and Royalty Pharma, bringing significant non-dilutive, low-cost capital to drive innovation and growth.",https://www.blueprintmedicines.com
"We’re driven by our goal to address important medical problems for people with serious diseases,exploring previously untapped approaches to pioneer treatment advances and improve patient outcomes.",https://www.blueprintmedicines.com
"We have a proven track record of developing medicines, and we aim to scale our impact by advancing innovative therapies for large patient populations with allergic/inflammatory diseases and cancer.",https://www.blueprintmedicines.com
Target tumors that have resisted earlier immunotherapies,https://www.agenusbio.com
"Target tumors that have resisted earlier immunotherapiesDeliver deeper and longer-lasting responsesOffer a safer, more effective path forward for patients",https://www.agenusbio.com
How does BOT/BAL help address “cold” tumors like MSS colorectal cancer?,https://www.agenusbio.com
"Founder, Chairman and Chief Executive Officer",https://www.agenusbio.com
How many patients have been treated with BOT/BAL?,https://www.agenusbio.com
"Agenus Inc.3 Forbes RoadLexington, MA 02421-7305T:+1 (781) 674 4400| F:+1 (781) 674 4200",https://www.agenusbio.com
"131 Dartmouth Street3rd FloorBoston, MA 02116",https://www.adicetbio.com
Chief Medical Officer,https://www.adicetbio.com
"Nick HarveyChief Financial OfficerDon Healey, Ph.D.Chief Technology OfficerAmy LockeChief Human Resources Officer",https://www.adicetbio.com
"Blake Aftab, Ph.D.Chief Scientific Officer",https://www.adicetbio.com
"Boston131 Dartmouth Street3rd FloorBoston, MA 02116",https://www.adicetbio.com
"36F, Huaihai International PlazaNo. 1045Huaihai Middle Road, Xuhui DistrictShanghai, China 200031",https://www.adicetbio.com
Chief Medical Officer,https://www.arcusbio.com
"3928 Point Eden Way, Hayward, CA 94545",https://www.arcusbio.com
"3928 Point Eden Way, Hayward, CA",https://www.arcusbio.com
Chief Executive Officer,https://www.arcusbio.com
"Address: 167 South 4st Street, Las Palmas, LP 10015",https://www.avrobio.com
"DVery smooth transaction, and the payment set up was just a life saver.- Danny Bernard, November 17, 2025",https://www.beaconbio.com
"Very smooth transaction, and the payment set up was just a life saver.- Danny Bernard, November 17, 2025",https://www.beaconbio.com
Your Web address means everythingwatch our video see why,https://www.beaconbio.com
"Bruker Cellular Analysis HQ5858 Horton Street, Suite 320,Emeryville, CA 94608, United States",https://www.berkeleylights.com
"EventsView AllUpcoming ConferenceSLAS 2026Date:Feb 7-10Location:Boston, MARegion:United StatesDate:Feb 7-10Location:Boston, MARegion:United StatesView Event",https://www.berkeleylights.com
"Date:Feb 7-10Location:Boston, MARegion:United States",https://www.berkeleylights.com
"Chief Scientific Officer, Abveris",https://www.berkeleylights.com
"Join top biotech, pharma, and academic researchers using Bruker Cellular Analysis to reclaim lab time, save precious samples, increase efficacy, and cut down therapeutic timelines by a year+.",https://www.berkeleylights.com
"5858 Horton Street, Suite 320,Emeryville, CA 94608, United States",https://www.berkeleylights.com
Chief Medical Officer,https://www.bicycletherapeutics.com
Alistair MilnesChief Operating Officer,https://www.bicycletherapeutics.com
"Michael Method, M.D., MPH, MBAChief Medical Officer",https://www.bicycletherapeutics.com
"PropositionWe have a clear mission: to create unique, impactful medicines that transform the lives of the largest possible number of patients.",https://www.bicycletherapeutics.com
"We have a clear mission: to create unique, impactful medicines that transform the lives of the largest possible number of patients.",https://www.bicycletherapeutics.com
Clinical-stage companyadvancing MasterKey therapiesdesigned to expand the addressable patient population,https://www.blackdiamondtherapeutics.com
Chief Medical Officer,https://www.blackdiamondtherapeutics.com
"Chief Operating Officer, General Counsel",https://www.blackdiamondtherapeutics.com
You are about to leave the Black Diamond website.Do you wish to continue?CANCELCONTINUE,https://www.blackdiamondtherapeutics.com
"Executive Vice President and Chief Commercial Officer, Merus",https://www.blackdiamondtherapeutics.com
"Shannon CampbellExecutive Vice President and Chief Commercial Officer, Merus",https://www.blackdiamondtherapeutics.com
You are about to leave the Black Diamond website.Do you wish to continue?,https://www.blackdiamondtherapeutics.com
"00 PM ET, Monday through Friday, ex",https://www.bluebirdbio.com
66 Phase 3 trials have been conducted over the past 10 years.,https://www.bridgebio.com
"For inquiries or to request additional information, please select the most appropriate phone number or email address from the choices below.",https://www.bridgebio.com
4848 unique disease indications have been targeted in our programs over the past 10 years.,https://www.bridgebio.com
Street Address(Optional),https://www.cellectis.com
"430 East 29th StreetNew York, NY 10016+1 (347) 752-4044",https://www.cellectis.com
"Cellectis’ R&D Day Highlights Lasme-cel’s Potential to Address Significant Unmet Need for Patients with r/r B-ALLPublished on: October 16, 2025, 15:00 E.S.T.",https://www.cellectis.com
"430 East 29th StreetNew York, NY 10016",https://www.cellectis.com
ExcellenceWe have a passion for excellence in everything we do.,https://www.catalent.com
Senior Vice President & Chief Financial Officer,https://www.catalent.com
"Senior Vice President, General Counsel, Chief Compliance Officer and Secretary",https://www.catalent.com
"Privacy PolicyData Privacy Framework StatementCookies SettingsSite MapTermsModern Slavery StatementCopyright 2026, Catalent, Inc - All Rights Reserved",https://www.catalent.com
LocationsAsia PacificEuropeLatin AmericaNorth AmericaSite Tours,https://www.catalent.com
"23 Corporate Responsibility Report to learn more about commitments, targets, an",https://www.catalent.com
"Crinetics Pharmaceuticals, Inc.6055 Lusk Blvd, San Diego, CA 92121(858) 450-6464Crinetics Pharmaceuticals Europe GmbHGubelstrasse 12, 6300 Zug, Switzerland",https://www.crinetics.com
You are about to leave our siteYou are now leaving Crinetics.comCONTINUESTAY HERE×,https://www.crinetics.com
"Sponsorships may not be used to cover a capital or operating expense for the requesting institution or a Healthcare Professional (HCP), (e.g., facility expansion, equipment, office staff, etc.)",https://www.crinetics.com
"Our Global OfficesGlobal Headquarters6055 Lusk BlvdSan Diego, CA 92121USA+1 (858) 450-6464Europeinfo.europe@crinetics.com",https://www.crinetics.com
You are about to leave our site,https://www.crinetics.com
You are about to leave our siteYou are now leaving Crinetics.comCONTINUESTAY HERE,https://www.crinetics.com
Tobin SchilkeChief Financial Officer,https://www.crinetics.com
"6055 Lusk Blvd,San Diego, CA",https://www.crinetics.com
"Discoverhow we are aiming to address neurodegenerative, lysosomal storage and other serious diseases.",https://www.denalitherapeutics.com
"Therapeutic AreasDiscoverhow we are aiming to address neurodegenerative, lysosomal storage and other serious diseases.",https://www.denalitherapeutics.com
Deep ScienceBroad Impact,https://www.denalitherapeutics.com
Address 1*Maximum 90 characters,https://www.dicerna.com
Please enter valid email address,https://www.dicerna.com
"800 Scudders Mill RoadPlainsboro, NJ 08536Tel: 1-609-987-5800Transparency in Employee Health Coverage:AetnaUnited Healthcare",https://www.dicerna.com
{{crossValidationError['address2'].crossValidationErrorMessage}},https://www.dicerna.com
"NOVO NORDISK USA800 Scudders Mill RoadPlainsboro, NJ 08536Tel: 1-609-987-5800Transparency in Employee Health Coverage:AetnaUnited Healthcare",https://www.dicerna.com
Other officesSelect location,https://www.dicerna.com
Senior Vice President andChief Business Officer,https://www.editasmedicine.com
"Our OfficesCAMBRIDGE, MA11 Hurley StreetCambridge, MA 02141617.401.9000BOULDER, CO4909 Nautilus Court NorthSuite 208/211Boulder, CO 80301",https://www.editasmedicine.com
Gilmore is President and Chief Executive Officer of Editas Medicine and a member of the Editas Board of Directors. He joined Editas Medicine in June 2022.,https://www.editasmedicine.com
Our pipeline includes a broad range of experimental medicines. See what we’re working on.,https://www.editasmedicine.com
There are millions of people living with a condition that a CRISPR-based medicine has the potential to address.,https://www.editasmedicine.com
What We’re Working OnOur pipeline includes a broad range of experimental medicines. See what we’re working on.,https://www.editasmedicine.com
What We’re Working OnOur pipeline includes a broad range of experimental medicines. See what we’re working on.Our pipeline includes a broad range of experimental medicines. See what we’re working on.,https://www.editasmedicine.com
"CAMBRIDGE, MA11 Hurley StreetCambridge, MA 02141617.401.9000BOULDER, CO4909 Nautilus Court NorthSuite 208/211Boulder, CO 80301",https://www.editasmedicine.com
"CAMBRIDGE, MA11 Hurley StreetCambridge, MA 02141617.401.9000",https://www.editasmedicine.com
Executive Vice President and Chief Technical and Quality Officer,https://www.editasmedicine.com
"Get In Touch41 S Rio Grande StreetSalt Lake City, UT 84101phone:(385) 269-0203info@recursion.com",https://www.exscientia.ai
"41 S Rio Grande StreetSalt Lake City, UT 84101",https://www.exscientia.ai
"Contact UsKyntra Bio Headquarters350 Bay St, Ste 100 # 6009San Francisco, CA 94133 USAMain Phone:+1 415.978.1200Medical Information:+1 877.934.3436Fax: +1 415.978.1902Medial Information",https://www.fibrogen.com
"Kyntra Bio Headquarters350 Bay St, Ste 100 # 6009San Francisco, CA 94133 USAMain Phone:+1 415.978.1200Medical Information:+1 877.934.3436Fax: +1 415.978.1902Medial Information",https://www.fibrogen.com
Kyntra Bio Headquarters,https://www.fibrogen.com
Our StrategyDiscover how we have built a company that will change lives.LEARN MORE,https://www.fibrogen.com
Discover how we have built a company that will change lives.,https://www.fibrogen.com
Amgen’s medicines treat serious illnesses and typically address diseases with a limited number of treatment options.,https://www.horizontherapeutics.com
Our ProductsAmgen’s medicines treat serious illnesses and typically address diseases with a limited number of treatment options.READ MORE,https://www.horizontherapeutics.com
"Our platform is modular, allowing us to upregulate the immune system to tackle cancer (ImmTAC) or infectious diseases (ImmTAV), and downregulate it to address autoimmune conditions (ImmTAAI).",https://www.immunocore.com
"Our pipelineWe have a diverse pipeline with multiple bispecific T cell receptor therapies across a range of indications, from solid tumors to infectious and autoimmune diseases.View our pipeline",https://www.immunocore.com
"Bahija Jallal, PhDChief Executive Officer",https://www.immunocore.com
"We have a diverse pipeline with multiple bispecific T cell receptor therapies across a range of indications, from solid tumors to infectious and autoimmune diseases.",https://www.immunocore.com
We have assembled a team of visionary leaders with some of the best track records in R&D to pioneer the next generation of immunotherapies.,https://www.immunocore.com
We have assembled a team of visionary leaders with some of the best track records in R&D to pioneer the next generation of immunotherapies.View our management teamView our board of directors,https://www.immunocore.com
"Immunocore LLC1 Radnor Corporate Center100 Matsonford Road, Suite 100Radnor, PA                        19087USPhone +1 (484) 534-5261",https://www.immunocore.com
Clinical TrialsGender Pay Gap ReportModern Slavery StatementCookie settings,https://www.immunocore.com
"Pennsylvania, USImmunocore LLC1 Radnor Corporate Center100 Matsonford Road, Suite 100Radnor, PA                        19087USPhone +1 (484) 534-5261",https://www.immunocore.com
"EVP, Chief Financial Officer and Head of Corporate Development",https://www.immunocore.com
Chief Executive Officer,https://www.immunocore.com
"Annelise Vuidepot, PhDSVP, Chief Technology Officer, Research and UK Site Lead",https://www.immunocore.com
"EVP, Chief Human Resources Officer",https://www.immunocore.com
E-mailRequired field.Invalid Email addressPhonePlease enter a valid phone number.Required field.,https://www.incyte.com
E-mailRequired field.Invalid Email address,https://www.incyte.com
Contact UsOur LocationsMedical Information,https://www.incyte.com
35 ter avenue André Morizet,https://www.incyte.com
GLOBAL HEADQUARTERSDENMARKITALYPORTUGALUNITED KINGDOMAUSTRIAFINLANDJAPANSPAIN,https://www.incyte.com
GLOBAL HEADQUARTERSDENMARKITALYPORTUGALUNITED KINGDOM,https://www.incyte.com
Find Contact Information for Incyte Offices Worldwide,https://www.incyte.com
"David Lebwohl, M.D.Executive Vice President,Chief Medical Officer",https://www.intelliatx.com
"© 2026. Intellia Therapeutics, Inc.Intellia Therapeutics and the Intellia Therapeutics logo are registered trademarks with the U.S. Patent & Trademark Office.",https://www.intelliatx.com
"Executive Vice President,Chief Financial Officer",https://www.intelliatx.com
President and Chief Executive Officer,https://www.intelliatx.com
Intellia Therapeutics and the Intellia Therapeutics logo are registered trademarks with the U.S. Patent & Trademark Office.,https://www.intelliatx.com
"You may return to the Intellia Therapeutics, Inc. website by closing the window to the third-party website you have opened.Do you wish to continue?",https://www.intelliatx.com
"We have set our sights on providing new solutions across the spectrum of diseases, from common intractable neurologic conditions to cardiometabolic disorders and select areas of high patient needs.",https://www.ionispharma.com
"We believe operating responsibly and sustainably creates long-term value and a positive impact for our company, stakeholders, patients, communities and the broader world.",https://www.ionispharma.com
"Lori MacomberExecutive Vice President, Chief Financial Officer and Treasurer",https://www.karyopharm.com
"Richard Paulson, MBAPresident and Chief Executive Officer",https://www.karyopharm.com
"Corporate Headquarters85 Wells Avenue, Suite 210Newton, Massachusetts 02459-3298",https://www.karyopharm.com
"Employees and Families have a range of needs and Karyopharm works to provide support in the form of fitness reimbursement, mindfulness programs, exercise classes and mental health programs.",https://www.karyopharm.com
We have assembled a team of dedicated and highly-accomplished executives from across the biopharmaceutical industry to lead us in our pursuit of improving the lives of patients with cancer.,https://www.karyopharm.com
"USACorporate Headquarters85 Wells Avenue, Suite 210Newton, Massachusetts 02459-3298Main Phone Number (USA)+1 (617) 658-0600Email:corporatecommunications@karyopharm.com",https://www.karyopharm.com
Chief Development Officer,https://www.karyopharm.com
Chief Medical Officer,https://www.kymeratx.com
A New Era of Possibility: Addressing Coveted Undrugged Targets,https://www.kymeratx.com
"500 North Beacon Street, 4th Floor, Watertown, MA 02472",https://www.kymeratx.com
"Bruce Jacobs, CFA, MBAChief Financial OfficerView Bio",https://www.kymeratx.com
"Reinventing the Treatment ofHuman Disease500 North Beacon Street, 4th Floor, Watertown, MA 02472© 2026 Kymera Therapeutics, Inc. All Rights Reserved.",https://www.kymeratx.com
"April 24, 2025A New Era of Possibility: Addressing Coveted Undrugged TargetsJuliet Williams, PhD, Head of ResearchSee More",https://www.kymeratx.com
Footer BottomFooter Bottom© 2026   Novartis AGTerms of usePrivacyCookie settingsContactsLocationsSite mapOpen sourceWeb accessibilityNovartis Site DirectoryThis site is intended for a global audience,https://www.morphosys.com
© 2026   Novartis AGTerms of usePrivacyCookie settingsContactsLocationsSite mapOpen sourceWeb accessibilityNovartis Site DirectoryThis site is intended for a global audience,https://www.morphosys.com
Terms of usePrivacyCookie settingsContactsLocationsSite mapOpen sourceWeb accessibility,https://www.morphosys.com
"Neurocrine Biosciences Corporate Headquarters6027 Edgewood Bend Ct.San Diego, CA 92130Telephone:(858) 617‑7600",https://www.neurocrine.com
Neurocrine Biosciences Corporate Headquarters,https://www.neurocrine.com
Explore What Our Teams Have to Say,https://www.neurocrine.com
You DeserveBrave Science®,https://www.neurocrine.com
"Novavax is proudly headquartered in the USA with main offices in Gaithersburg, Maryland. We conduct R&D and manufacturing for our Matrix-M adjuvant inUppsala, Sweden.",https://www.novavax.com
For U.S. residents only: Nuvaxovid is now available.Find a location near you.,https://www.novavax.com
"Combining Novavax’s protein-based nanoparticles with our Matrix-M® adjuvant achieves strong, long-lasting and broad immune responses.1",https://www.novavax.com
"Combining Novavax’s protein-based nanoparticles with our Matrix-M® adjuvant achieves strong, long-lasting and broad immune responses.1Learn more",https://www.novavax.com
"United States21 Firstfield RoadGaithersburg, Maryland 20878SwedenKungsgatan 109 SE-753 18Uppsala, Sweden",https://www.novavax.com
"Our officesUnited States21 Firstfield RoadGaithersburg, Maryland 20878SwedenKungsgatan 109 SE-753 18Uppsala, SwedenLearn more",https://www.novavax.com
January 2016Orchard opens its first office in London. The company later moves into larger office space as it grows.,https://www.orchard-tx.com
"October 2016Orchard establishes its U.S. operations with the opening of an office in Foster City, California. The company later moves its California operations to Menlo Park.",https://www.orchard-tx.com
"GLOBAL HEADQUARTERS245 Hammersmith Road, 3rd FloorLondon W6 8PWUnited KingdomPhone: +44 (0) 203 808-8286",https://www.orchard-tx.com
"GLOBAL HEADQUARTERS245 Hammersmith Road, 3rd FloorLondon W6 8PWUnited KingdomPhone: +44 (0) 203 808-8286U.S. HEADQUARTERS101 Seaport Boulevard, 7th FloorBoston, MA 02210United States",https://www.orchard-tx.com
"U.S. HEADQUARTERS101 Seaport Boulevard, 7th FloorBoston, MA 02210United States",https://www.orchard-tx.com
April 2018Orchard opens a new U.S. office in Boston’s Seaport District.,https://www.orchard-tx.com
We recognize and deeply value the impact that patient communities have on us through the inspirational stories and dedicated advocacy we see every day.,https://www.orchard-tx.com
"We have assembled an experienced team of technical support scientists, engineers, and bioformaticians to assist you with all of your support needs.",https://www.pacificbiosciences.com
TechnologiesRoadmapHiFi long-read sequencingKinnexPureTargetNanobind DNA extraction,https://www.pacificbiosciences.com
"If you have a question, need to check the status of an order, or are interested in purchasing an instrument, we're here to help.",https://www.pacificbiosciences.com
"April 15, 2021Precision BioSciences Appoints Renowned Hematologist Alan List, M.D. as Chief Medical Officer",https://www.precisionbiosciences.com
"Precision BioSciences Headquarters302 East Pettigrew St.Durham, NC 27701",https://www.precisionbiosciences.com
"September 27, 2021Precision BioSciences Appoints Michael Amoroso Chief Executive Officer",https://www.precisionbiosciences.com
"May 27, 2021Precision BioSciences Appoints Alex Kelly as Chief Financial Officer",https://www.precisionbiosciences.com
"Phone919.314.5512Fax480.393.5553Precision BioSciences Headquarters302 East Pettigrew St.Durham, NC 27701Other InfoPartnership InquiriesInvestor InquiriesClinical InquiriesCareer Opportunities",https://www.precisionbiosciences.com
"Protagonist CEO Dinesh V. Patel and Chief Discovery Officer Ashok Bhandari Speak with BiotechTVFebruary 19, 2026February 19,  2026",https://www.protagonist-inc.com
"×Health Equity: Improving Access to Medicines, Ensuring Diverse RepresentationSpotlight, Arturo Molina, MD, Chief Medical Officer",https://www.protagonist-inc.com
"Spotlight, Arturo Molina, MD, Chief Medical Officer",https://www.protagonist-inc.com
"Protagonist Pty Ltd306 Carmody RoadSt Lucia, BrisbaneQld 4072, Australia﻿+61 (7) 2142 3553",https://www.protagonist-inc.com
Knowledge BaseKnowledge Base OverviewData SheetsWebinarsSeminars/Technical RoadshowsVideosThe R Factor VlogScientific PostersPublicationsSelected Third Party Articles,https://www.repligen.com
Seminars / Technical Roadshows,https://www.repligen.com
CompanyAbout RepligenLeadershipCareersLocationsInvestorsNews RoomEventsSustainability,https://www.repligen.com
"800 Saginaw Drive,Redwood City, CA",https://www.revolutionmedicines.com
"700 Saginaw Drive,Redwood City, CA 94063",https://www.revolutionmedicines.com
"700 Saginaw Drive,Redwood City, CA",https://www.revolutionmedicines.com
"188 East Blaine StreetSuite 350Seattle, WA 98102",https://www.sana.com
188 East Blaine Street,https://www.sana.com
"Seattle188 East Blaine StreetSuite 350Seattle, WA 98102",https://www.sana.com
"Whether you have been diagnosed with one of the disease areas that we support, or you are a representative of a patient advocacy organization, we look forward to connecting with you.",https://www.sarepta.com
"If you have other questions or topics you'd like to see addressed, please contact[email protected]",https://www.sarepta.com
“I’m here to bring genetic medicine to life. We have to be creative; we need to transform the paradigm. There isn’t a path to guide us. We’re making the path.”,https://www.sarepta.com
About UsLeadershipPatient AffairsCorporate ResponsibilityGrants & GivingGlobal LocationsContact Us,https://www.sarepta.com
"Computershare462 South 4th Street Suite 1600Louisville, KY 40202",https://www.sarepta.com
"Sarepta, a global biopharmaceutical company, has locations throughout the world.",https://www.sarepta.com
Sarepta is engineering solutions for rare diseases with science that is on the forefront of precision genetic medicine. We are in a daily race to save lives stolen or impacted by rare disease.,https://www.sarepta.com
"Shareholders of record with questions about lost certificates, notification of change of address, or other matters may send correspondence to:",https://www.sarepta.com
"Global LocationsSarepta, a global biopharmaceutical company, has locations throughout the world.View a list of Sarepta offices worldwide",https://www.sarepta.com
SGR-1505 is a mucosa-associated lymphoid tissue lymphoma translocation protein 1 (MALT1) inhibitor.,https://www.schrodinger.com
contact salesContact Offices,https://www.schrodinger.com
CompanyAbout usTeamCorporate SustainabilityCareersLocationsPress Releases,https://www.schrodinger.com
SGR-1505 (MALT1)SGR-1505 is a mucosa-associated lymphoid tissue lymphoma translocation protein 1 (MALT1) inhibitor.,https://www.schrodinger.com
"200 million academic papers sourced frompublisher partnerships, data providers, an",https://www.semanticscholar.org
"ADDRESS1505 O’Brien DriveMenlo Park, California 94025United StatesPHONE(650) 271-9888SOCIAL",https://www.synthekine.com
"ADDRESS1505 O’Brien DriveMenlo Park, California 94025United States",https://www.synthekine.com
"https://www.synthekine.com/wp-content/uploads/Synthekine_Logo.png300300David Anderson/wp-content/uploads/logo-300x63.pngDavid Anderson2021-11-17 15:00:042025-05-13 13:19:13Casey Weaver, M.D.",https://www.synthekine.com
Gabriele RicciChief Data & Technology OfficerVIEW BIOVIEW BIO,https://www.takeda.com
Milano FurutaDirector – Chief Financial OfficerVIEW BIOVIEW BIO,https://www.takeda.com
Takeda Human Rights and Modern Slavery Statement for FY24,https://www.takeda.com
Headquarters**Headquarters**,https://www.takeda.com
Open location finderGlobalVertical lineEN,https://www.takeda.com
Addressing unmet global health needs through vaccine development against infectious diseasesAddressing unmet global health needs through vaccine development against infectious diseases,https://www.takeda.com
Corporate Strategy Officer & CEO Chief of Staff,https://www.takeda.com
"## Broadening sustainable, equitable access",https://www.takeda.com
Positive Phase 3 Data Demonstrate Potential for ENTYVIO® (vedolizumab) to Address Treatment Gap for Children and Adolescents with Moderate to Severe Ulcerative Colitis,https://www.takeda.com
LocationsContact usCareersFinancial HighlightsHCPsPatients,https://www.takeda.com
"Our 2025 Access to Medicines Update highlights how we are broadening access to our vaccines in low-and middle-income countries, and countries with evolving health care systems.",https://www.takeda.com
How we're broadening sustainable access to our medicines to low- and middle-income countries,https://www.takeda.com
Order StatusQuick OrderSign inSign inDon't have an account ?Create AccountAccountCheck Order StatusCustom Products & ProjectsInstrument Management,https://www.thermofisher.com
Don't have an account ?Create Account,https://www.thermofisher.com
Sign inDon't have an account ?Create AccountAccountCheck Order StatusCustom Products & ProjectsInstrument Management,https://www.thermofisher.com
"Global Headquarters:60 Leveroni CourtNovato, CA 949491-415-483-8800[email protected]",https://www.ultragenyx.com
"France54-56 avenue Hoche75008, Paris, France",https://www.ultragenyx.com
"Global Headquarters:60 Leveroni CourtNovato, CA 94949",https://www.ultragenyx.com
"We have built a talented team and a vibrant, people-first culture. We share a passion for helping those living with rare diseases.",https://www.ultragenyx.com
PipelineWe have one of the largest and most diverse pipelines in rare disease.Explore our pipeline,https://www.ultragenyx.com
We have one of the largest and most diverse pipelines in rare disease.,https://www.ultragenyx.com
US HeadquartersPhone+1 650.243.6300Fax+1 650.243.6388,https://www.veracyte.com
More data: Broad genomic assays and clinical data,https://www.veracyte.com
Chika NwobiCEOJohn WashbourneChief Technology OfficerJeff JackDirector of front-enddanny masseyapplication development directorEmeka IgbekaVP - Business Dev & Partnershipsrami eresanaraproject manager,https://www.vertex.com
John WashbourneChief Technology Officer,https://www.vertex.com
"Whether you have a question about our services or have a project you want to work on together, we are happy to speak with you.",https://www.vertex.com
Chief Technology Officer,https://www.vertex.com
"Vir Biotechnology, Inc.1800 Owens StreetSuite 900San Francisco, CA 94158",https://www.vir.bio
"Jeff Calcagno, M.D.Executive Vice President and Chief Business Officer",https://www.vir.bio
"Marianne De Backer,M.Sc., Ph.D., MBAPRESIDENT, Chief Executive Officer and Director",https://www.vir.bio
"Marianne De Backer,M.Sc., Ph.D., MBAChief Executive Officer and Director",https://www.vir.bio
"“On the surface, I’m your everyday neighbor with a familyand professionaljob,” Rav says. “But I have what feels like a secret life dealing with hepatitis – going in and out of the hospital for care.”",https://www.vir.bio
Chief Executive Officer and Director,https://www.vir.bio
"“You have to advocate for yourself first,” says Rav. “You need to push, to ask questions, to insist on care.”",https://www.vir.bio
Senior Vice President & Chief Financial Officer,https://www.xencor.com
Please use the contact form below if you have any questions or requests.,https://www.xencor.com
"President & Chief Executive Officer, Director",https://www.xencor.com
"Our technology can simultaneously address multiple disease targets while improving half-life, stability and ease of manufacturing.",https://www.xencor.com
"John R. Desjarlais, Ph.D.Executive Vice President, Research & Chief Scientific Officer",https://www.xencor.com
"Unleashing Bispecific AntibodiesOur technology can simultaneously address multiple disease targets while improving half-life, stability and ease of manufacturing.",https://www.xencor.com
"Xencor Headquarters465 North Halstead Street, Suite 200Pasadena, CA 91107(626) 305-5900",https://www.xencor.com
Sabeen MekanMDSenior Vice President and Chief Medical Officer,https://www.zymeworks.com
"Chair, CEO & Acting Chief Financial Officer",https://www.zymeworks.com
"777 108th Ave NE, Suite 1700",https://www.zymeworks.com
Senior Vice President and Chief Medical Officer,https://www.zymeworks.com
"Digital Office Centre, Office 104",https://www.zymeworks.com
AcceptDenyView preferencesSave preferencesView preferences,https://www.zymeworks.com
Integrating partnerships and collaborations is core to our business strategy and allows us to accelerate our efforts to bring novel therapeutics to the broadest group of patients.,https://www.zymeworks.com
"Broad, flexible portfolio of assays",https://www.10xgenomics.com
"Broad, flexible portfolio of assaysBe confident that you'll get high-quality data every time, no matter the assay.",https://www.10xgenomics.com
"5,000-gene panelsBroad discovery in human and mouseCustomizable with up to 100 additional genesExplore across tissues, disease areas, and drug targetsExplore productPanels and gene lists",https://www.10xgenomics.com
"Gather broad information (isoforms, single nucleotide polymorphisms, long non-coding RNAs, etc.) from diverse species",https://www.10xgenomics.com
Ten years of experience and >$1.5B in R&D investment have come together in GEM-X's advanced microfluidic chip architecture and the innovative reagent delivery system of Chromium X series instruments.,https://www.10xgenomics.com
"Whole transcriptome coverage: Delivers broadest set of information, including isoforms, SNPs, etc.",https://www.10xgenomics.com
"100 additional genesExplore across tissues, disease areas, an",https://www.10xgenomics.com
Browse peer-reviewed publications to see how researchers have used Visium Spatial technology to accelerate novel discoveries.,https://www.10xgenomics.com
Spatial publicationsBrowse peer-reviewed publications to see how researchers have used Visium Spatial technology to accelerate novel discoveries.View spatial publications,https://www.10xgenomics.com
"Broad discovery in human and mouseCustomizable with up to 100 additional genesExplore across tissues, disease areas, and drug targets",https://www.10xgenomics.com
"4basebio strengthens commercial leadership, promoting Christine Wolosin to Chief Commercial Officer",https://www.4basebio.com
"25 Norman Way, OverCambridge, CB",https://www.4basebio.com
Modern Slavery Statement,https://www.4basebio.com
"Astellas paves backloaded biobucks deal to test 4DMT’s eye disease gene therapy vectorSeptember 21, 2023July 10, 2023 | Fierce BiotechRead more",https://www.4dmoleculartherapeutics.com
"The Evolution Of Gene Therapy: From Small Market Diseases To Broad Patient PopulationsJune 2, 2023June 2, 2023 | Cell & GeneRead more",https://www.4dmoleculartherapeutics.com
Astellas paves backloaded biobucks deal to test 4DMT’s eye disease gene therapy vector,https://www.4dmoleculartherapeutics.com
"Scott Bizily, JD, PhDJanuary 4, 2026Chief Legal OfficerRead more",https://www.4dmoleculartherapeutics.com
"About 4DMTOur 4DMT genetic medicine engine holds the potential to generate transformative therapies that have the power to improve patient lives, or even cure disease.",https://www.4dmoleculartherapeutics.com
"Kim MaplestoneJanuary 4, 2026Chief Clinical Operations OfficerRead more",https://www.4dmoleculartherapeutics.com
Working to Address Liver and Cardiometabolic Diseaseswith Growing Needs,https://www.89bio.com
"A member of the Roche Groupinfo@89bio.com655 Montgomery Street, Suite 1500San Francisco, CA 94111, USLinkedIn iconHomeAbout UsOur FocusPipelineMedia Archive",https://www.89bio.com
"United States655 Montgomery Street, Suite 1500San Francisco, CA 94111, US",https://www.89bio.com
"SATELLITE OFFICE4 Oppenheimer StreetRehovot 7670104, Israel",https://www.89bio.com
"655 Montgomery Street, Suite 1500San Francisco, CA 94111, US",https://www.89bio.com
Guided by Medical NeedWe strive to deliver potential treatments for patients who currently have no approved or limited treatment options.Our Focus,https://www.89bio.com
Founder and Chief Scientific Officer,https://www.a2bio.com
Thomas LeungChief Financial Officer,https://www.a2bio.com
"John Welch, M.D., Ph.D.Chief Medical Officer",https://www.a2bio.com
OUR PIPELINEWe are rapidly advancing our leading cell therapies through clinical trials and developing new innovations to address the most devastating diseases.EXPLORE OUR PIPELINE,https://www.a2bio.com
"30301 Agoura Road #210Agoura Hills, CA  91301",https://www.a2bio.com
"30301 Agoura Road #210Agoura Hills, CA  91301[email protected]",https://www.a2bio.com
We have created agonists for our internal programs and pharma partnersOur system works: we have discovered activators for 2 GPCRs - only 4 others have even been done before us.,https://www.abalonebio.com
"Small molecules or peptides often have off-target interactions, resulting in intolerable side effects.",https://www.abalonebio.com
"Drug ChallengeExisting drugs lack specificitySmall molecules or peptides often have off-target interactions, resulting in intolerable side effects.",https://www.abalonebio.com
"Todd Bedrick, CPASVP, Chief Accounting Officer",https://www.absci.com
Chief Financial Officer & Chief Business Officer,https://www.absci.com
"Did you know?:Todd loves iced coffee, traveling to new places, and paddleboarding lakes and rivers with his wife and two children. He is also a long-time Portland Trailblazers fan!",https://www.absci.com
"HeadquartersVancouver, Washington18105 SE Mill Plain Blvd.Vancouver, WA 98683Absci AI Research (AAIR) Lab152 West 57th St, 21st Floor New York, NY 10019",https://www.absci.com
"HeadquartersVancouver, Washington",https://www.absci.com
"18105 SE Mill Plain Blvd.Vancouver, WA 98683",https://www.absci.com
Alumis Inc.280 East Grand AvenueSouth San FranciscoCA 94080(650) 231-6625,https://www.acelyrin.com
"Andrea PfeiferCo-Founder, Chief Executive Officer and Director",https://www.acimmune.com
"Neurodegeneration is a slow, silent pandemic. It is a moral and economic imperative to address it. Preserving neurons and preventing disease is the most promising strategy.",https://www.acimmune.com
Piergiorgio DonatiChief Technical Operations Officer,https://www.acimmune.com
"Olivier SolVP, Clinical Safety Officer",https://www.acimmune.com
"Our scientific leadership, technologies andpipelinehave been validated byour collaboration partnerships with global pharmaceutical leaders: Janssen Pharmaceuticals, Takeda and Eli Lilly and Co.",https://www.acimmune.com
"We have the people, resources, and expertise to tackle some of the ‘white spaces’ in immuno-inflammatory conditions where significant gaps exist.",https://www.aclaristx.com
"Get directions»Aclaris Therapeutics, Inc. (Headquarters)701 Lee RoadSuite 103Wayne, PA 19087Phone:(484) 324-7933",https://www.aclaristx.com
"Aclaris Therapeutics, Inc. (Headquarters)701 Lee RoadSuite 103Wayne, PA 19087Phone:(484) 324-7933",https://www.aclaristx.com
"Aclaris Therapeutics, Inc. (Headquarters)",https://www.aclaristx.com
"Rabia GursesOzden, M.D.Chief Medical Officer",https://www.adverum.com
Travel assistance program,https://www.adverum.com
"100 Cardinal Way, Redwood City, CA 94063",https://www.adverum.com
"R. Andrew Ramelmeier, Ph.D.Chief Technology Officer",https://www.adverum.com
"Star Seyedkazemi, PharmDChief Development Officer",https://www.adverum.com
Dr. Laurent FischerPresident and Chief Executive Officer,https://www.adverum.com
President and Chief Executive Officer,https://www.adverum.com
"100 Cardinal Way, Redwood City, CA",https://www.adverum.com
Brian Goff named as chief executive officer,https://www.agios.com
Chief Corporate Development and Strategy Officer,https://www.agios.com
Chief Legal OfficerJim Burns,https://www.agios.com
"We have assembled a world-class roster of leaders, scientific advisors, board directors and staff. We are incredibly proud of our team.",https://www.agios.com
Chief Financial OfficerCecilia Jones,https://www.agios.com
"Jackie Fouse, Ph.D. named as chief executive officer",https://www.agios.com
"2 billion plus royalties, enabling new strategic, si",https://www.agios.com
Working with Agios has been a breath of fresh air! It is clear that the Agios team’s primary objective is to provide treatments that will address the needs of the patients they represent.,https://www.agios.com
"EVP, Chief Legal and Compliance Officer",https://www.alkermes.com
"Executive Vice President, Chief Operating Officer",https://www.alkermes.com
U.S. Corporate Offices and R&DMassachusetts,https://www.alkermes.com
"Senior Vice President, Program and Project Management Office",https://www.alkermes.com
Global HeadquartersIreland,https://www.alkermes.com
Hear from our Chief Operating Officer Blair Jackson as he shares his perspective on Alkermes’ recently-completed acquisition of Avadel Pharmaceuticals plc.,https://www.alkermes.com
About UsDiscover AlkermesOur ValuesLeadershipAwards and RecognitionCollaborationsLocations,https://www.alkermes.com
Leadership in Sleep MedicineHear from our Chief Operating Officer Blair Jackson as he shares his perspective on Alkermes’ recently-completed acquisition of Avadel Pharmaceuticals plc.Read the article,https://www.alkermes.com
"Allogene – Los Angeles10100 Santa Monica Blvd, 15thFloorLos Angeles, CA 90067",https://www.allogene.com
"Allogene - HQ210 E. Grand AvenueSouth San Francisco, CA 94080Allogene – Los Angeles10100 Santa Monica Blvd, 15thFloorLos Angeles, CA 90067Allogene – Newark7400 Gateway BoulevardNewark, CA 94560",https://www.allogene.com
"President, Chief Executive Officer and Co-Founder",https://www.allogene.com
"Geoffrey ParkerExecutive Vice President, Chief Financial OfficerZachary J. Roberts, M.D., Ph.D.Executive Vice President, Research & Development, Chief Medical Officer",https://www.allogene.com
We have the courage and expertise to take calculated risks in order to lead the next revolution in the treatment of cancer and autoimmune disease.,https://www.allogene.com
"210 E. Grand AvenueSouth San Francisco, CA 94080",https://www.allogene.com
"210 E. Grand AvenueSouth San Francisco, CA 94080Phone:650-457-2700View Map/Contact Us",https://www.allogene.com
WHY ALLOGENEIC CELL PRODUCTS HAVE THE POTENTIAL TO DO WHAT NO AUTOLOGOUS CAR T HAS DONE BEFORE,https://www.allogene.com
