Phone Number,Source URL
"2023
2022
2018",https://www.wockhardt.com
91-22-2653 4444,https://www.wockhardt.com
202320222018,https://www.wockhardt.com
2023202220,https://www.wockhardt.com
800 212 9999,https://www.indimmune.com
800 313 9999,https://www.indimmune.com
1800 212 999977,https://www.indimmune.com
1800 313 999977,https://www.indimmune.com
800 103 8226,https://www.transasia.co.in
"400072


 
1800 103 8226",https://www.transasia.co.in
")





19


              2025            

              2024            

              2023            

              2022            

              2021            

              2020            

              2019            

              2018            

              2017            

              2016            

              2015            

              2014            

              2013            

              2012            

              2011            

              2010            

              2009            

              2008            

              2007            

              2006            

              2005            

              2002-04            

              2000-02            

              1999-00            

              1996-99            

              1993-95            

              1991-93            

              1989-91            

              1987-88            

              1985",https://www.praj.net
020-2616008,https://www.praj.net
020-2616162,https://www.praj.net
+91 20 2294 1299,https://www.praj.net
020-26161629,https://www.praj.net
020-26160084,https://www.praj.net
020-71802000,https://www.praj.net
"2008-2009





2009",https://www.praj.net
"19

2025
2024
2023
2022
2021
2020
2019
2018
2017
2016
2013
2012
2010
2009
2008
2007
2006
2005
 
2025
2024
2023
2022
2021
2020
2019
2017
2016
2015
2013
2012
2011
2008
2007
2005
 
2024
2022
2018
2017
2012",https://www.praj.net
020-7180200,https://www.praj.net
+91 40 4900 2900,https://www.drreddys.com
0045078-2-337,https://www.drreddys.com
+45-4444-8888,https://www.novonordisk.com
613177-1234,https://www.biontech.com
+49 6131 9084-2121,https://www.biontech.com
+49 6131 9084-0,https://www.biontech.com
+49 613177-1234,https://www.biontech.com
1820192020,https://www.alnylam.com
2021202220,https://www.alnylam.com
"19981999200220042005200620102011201220132016201720182019202020212022202320242025









1998",https://www.alnylam.com
1998199920,https://www.alnylam.com
2016201720,https://www.alnylam.com
1120122013,https://www.alnylam.com
2320242025,https://www.alnylam.com
2006201020,https://www.alnylam.com
0220042005,https://www.alnylam.com
781-464-3260,https://www.biogen.com
781-464-2000,https://www.biogen.com
+1 781-464-2000,https://www.biogen.com
844-987-3224,https://www.biogen.com
+1 781-464-2442,https://www.biogen.com
"1-844-477-4672
(",https://www.biogen.com
+1 866-633-4636),https://www.biogen.com
"1-800-456-2255
(",https://www.biogen.com
"1-844-987-3224
(",https://www.biogen.com
+1 781-464-3260,https://www.biogen.com
844-987-9882,https://www.biogen.com
1-866-418-2859 (,https://www.biogen.com
866-418-2859,https://www.biogen.com
800-456-2255,https://www.biogen.com
"1-844-987-9882
(",https://www.biogen.com
+41 41 39 21700,https://www.biogen.com
844-477-4672,https://www.biogen.com
866-633-4636,https://www.biogen.com
781-464-2442,https://www.biogen.com
(650) 522-5853,https://www.gilead.com
-5 (1-800-445-3235),https://www.gilead.com
800-445-3235,https://www.gilead.com
"(650) 522-5853
 1-800-",https://www.gilead.com
+1 (650) 522 1696,https://www.gilead.com
+1 (650) 574 3000,https://www.gilead.com
1-800-445-3235,https://www.gilead.com
105-87-87282,https://www.illumina.com
"07325
                    

02-740-5300 (",https://www.illumina.com
381 800 1908,https://www.beigene.com
1800812061,https://www.beigene.com
18004081768,https://www.beigene.com
0800909638,https://www.beigene.com
1809349378,https://www.beigene.com
08000474711,https://www.beigene.com
(877) 828-5568,https://www.beigene.com
18000110575,https://www.beigene.com
1800011057,https://www.beigene.com
08002008144,https://www.beigene.com
381 800 190863,https://www.beigene.com
+1 (877) 828-5568,https://www.beigene.com
0800917679,https://www.beigene.com
0800005647,https://www.beigene.com
08002667807,https://www.beigene.com
8009190351,https://www.beigene.com
0200810337,https://www.beigene.com
4135985811,https://www.beigene.com
0800-0233 408,https://www.beigene.com
8000622797,https://www.beigene.com
+86-010-851-48500,https://www.beigene.com
(781) 801-1800,https://www.beigene.com
+1 (647) 496-7420,https://www.beigene.com
00800101148,https://www.beigene.com
0800200814,https://www.beigene.com
0080010114,https://www.beigene.com
6618000144,https://www.beigene.com
8000444088,https://www.beigene.com
0805543292,https://www.beigene.com
08009176799,https://www.beigene.com
81 8009190351,https://www.beigene.com
0805059610,https://www.beigene.com
(647) 496-7420,https://www.beigene.com
0080044882,https://www.beigene.com
0800266780,https://www.beigene.com
010-851-4850,https://www.beigene.com
1800512109,https://www.beigene.com
+661800014460,https://www.beigene.com
+1 (781) 801-1800,https://www.beigene.com
1800889065,https://www.beigene.com
0800983530,https://www.beigene.com
8008501489,https://www.beigene.com
0800774047,https://www.beigene.com
80004440882,https://www.beigene.com
0508196427,https://www.beigene.com
1800408176,https://www.beigene.com
0800047471,https://www.beigene.com
00800448829372,https://www.beigene.com
650-837-7000,https://www.exelixis.com
855-292-3935,https://www.exelixis.com
"94502
1-650-837-7000",https://www.exelixis.com
1-855-500-3935 (,https://www.exelixis.com
1-855-292-3935 (,https://www.exelixis.com
855-500-3935,https://www.exelixis.com
650-837-8300,https://www.exelixis.com
1-650-837-8300,https://www.exelixis.com
(1-888-258-7768),https://www.blueprintmedicines.com
+31 85 064 4001,https://www.blueprintmedicines.com
(617) 374-7580,https://www.blueprintmedicines.com
888-258-7768,https://www.blueprintmedicines.com
"02139
(617) 374-7580",https://www.blueprintmedicines.com
+1 (781) 202 1614,https://www.agenusbio.com
+1 (781) 674 4400,https://www.agenusbio.com
+1 781-202-1614,https://www.agenusbio.com
+1 (781) 674 4200,https://www.agenusbio.com
781-202-1614,https://www.agenusbio.com
+1-303-893-0552,https://www.beaconbio.com
303-893-0552,https://www.beaconbio.com
+1 (888) 254-5595,https://www.berkeleylights.com
(888) 254-5595,https://www.berkeleylights.com
339-499-9300,https://www.bluebirdbio.com
833-999-6378,https://www.bluebirdbio.com
1-833-999-6378,https://www.bluebirdbio.com
"02145
339-499-9300",https://www.bluebirdbio.com
-1088 (1-800-332-1088),https://www.bridgebio.com
(650)-789-8220,https://www.bridgebio.com
650-391-9740,https://www.bridgebio.com
844-550-2246,https://www.bridgebio.com
(1-844-550-2246),https://www.bridgebio.com
800-332-1088,https://www.bridgebio.com
(984) 477-9025,https://www.cellectis.com
+1 (347) 752-4044,https://www.cellectis.com
(347) 752-4044,https://www.cellectis.com
+33 (0)1 81 69 16 00,https://www.cellectis.com
+1 (984) 477-9025,https://www.cellectis.com
"92121
(858) 450-6464",https://www.crinetics.com
(858) 450-6464,https://www.crinetics.com
+1 (858) 450-6464,https://www.crinetics.com
1-609-987-5800,https://www.dicerna.com
609-987-5800,https://www.dicerna.com
617.401.9000,https://www.editasmedicine.com
(385) 269-0203,https://www.exscientia.ai
415.978.1200,https://www.fibrogen.com
877.934.3436,https://www.fibrogen.com
415.978.1902,https://www.fibrogen.com
+1 (484) 534-5261,https://www.immunocore.com
(484) 534-5261,https://www.immunocore.com
+44 (0)1235 438600,https://www.immunocore.com
+44 1372 611 240,https://www.incyte.com
+49 89 203010-850,https://www.incyte.com
+49 89 203010-890,https://www.incyte.com
833-309-2759,https://www.incyte.com
+46 8 511 615 15,https://www.incyte.com
0805220062,https://www.incyte.com
0800022675,https://www.incyte.com
855.446.2983,https://www.incyte.com
8001482680236049221,https://www.incyte.com
08000226756,https://www.incyte.com
+31 (0) 20 26 19 300,https://www.incyte.com
+800 00027423,https://www.incyte.com
302.498.6700,https://www.incyte.com
+39 02 6666 82,https://www.incyte.com
0800 410079,https://www.incyte.com
0974790132,https://www.incyte.com
08001009633089 20301 0899,https://www.incyte.com
1-833-309-2759,https://www.incyte.com
8001482680,https://www.incyte.com
+43 1 35 808-03,https://www.incyte.com
855-463-3463,https://www.incyte.com
0850635701,https://www.incyte.com
080522006201 70 76 06 36,https://www.incyte.com
+34 91 916 41 00,https://www.incyte.com
1800456748,https://www.incyte.com
(855-463-3463),https://www.incyte.com
0800100963,https://www.incyte.com
+33 (0) 1 71 10 93 00,https://www.incyte.com
800 0002742,https://www.incyte.com
0120094139,https://www.incyte.com
+41 (0) 21 581 50 00,https://www.incyte.com
(617) 658-0600,https://www.karyopharm.com
+1 (617) 658-0600,https://www.karyopharm.com
(888) 209-9326,https://www.karyopharm.com
+1 (888) 209-9326,https://www.karyopharm.com
844-612-0252,https://www.novavax.com
541-021-0033,https://www.novavax.com
119400-119402,https://www.novavax.com
41541-021-00330-7,https://www.novavax.com
119400-1194,https://www.novavax.com
645515.2023,https://www.novavax.com
+44 (0) 203 808-8286,https://www.orchard-tx.com
203 808-8286,https://www.orchard-tx.com
480.393.5553,https://www.precisionbiosciences.com
919.314.5512,https://www.precisionbiosciences.com
+1 510 474 0170,https://www.protagonist-inc.com
212 915 2577,https://www.protagonist-inc.com
+1 833 500 0061,https://www.protagonist-inc.com
510 474 0170,https://www.protagonist-inc.com
+61 (7) 2142 3553,https://www.protagonist-inc.com
833 500 0061,https://www.protagonist-inc.com
(510) 474-0170,https://www.protagonist-inc.com
+1 (510) 474-0170,https://www.protagonist-inc.com
+1 212 915 2577,https://www.protagonist-inc.com
"01
				






					02
				






					03
				






					04
				






					05
				










				01",https://www.repligen.com
(1-888-273-8633),https://www.revolutionmedicines.com
888-273-8633,https://www.revolutionmedicines.com
201.680.6578,https://www.sarepta.com
617.274.4080,https://www.sarepta.com
201.680.6610,https://www.sarepta.com
877.238.2973,https://www.sarepta.com
888.727.3782,https://www.sarepta.com
617.274.4052,https://www.sarepta.com
617.274.4000,https://www.sarepta.com
492025-05-13 13,https://www.synthekine.com
382025-05-13 13,https://www.synthekine.com
2021-11-17 14,https://www.synthekine.com
2021-11-15 21,https://www.synthekine.com
2021-11-15 13,https://www.synthekine.com
2021-11-16 16,https://www.synthekine.com
322025-05-13 13,https://www.synthekine.com
452025-05-13 13,https://www.synthekine.com
2021-11-15 14,https://www.synthekine.com
2021-11-17 15,https://www.synthekine.com
2021-11-15 19,https://www.synthekine.com
1671643702,https://www.synthekine.com
2021-11-16 20,https://www.synthekine.com
402025-05-13 13,https://www.synthekine.com
2021-11-17 16,https://www.synthekine.com
012025-05-13 13,https://www.synthekine.com
462025-05-13 13,https://www.synthekine.com
162025-05-13 13,https://www.synthekine.com
2021-11-15 12,https://www.synthekine.com
042025-05-13 13,https://www.synthekine.com
2021-11-15 16,https://www.synthekine.com
2021-11-17 19,https://www.synthekine.com
2021-11-15 17,https://www.synthekine.com
2021-11-17 17,https://www.synthekine.com
2021-11-15 20,https://www.synthekine.com
2021-11-17 20,https://www.synthekine.com
2021-11-15 18,https://www.synthekine.com
362025-05-13 13,https://www.synthekine.com
2021-11-17 18,https://www.synthekine.com
132025-05-13 13,https://www.synthekine.com
202025-05-13 13,https://www.synthekine.com
222025-05-13 13,https://www.synthekine.com
552025-05-13 13,https://www.synthekine.com
(650) 271-9888,https://www.synthekine.com
292025-05-13 13,https://www.synthekine.com
192025-05-13 13,https://www.synthekine.com
312025-05-13 13,https://www.synthekine.com
442025-05-13 13,https://www.synthekine.com
532025-05-13 13,https://www.synthekine.com
392025-05-13 13,https://www.synthekine.com
2021-11-16 19,https://www.synthekine.com
152025-05-13 13,https://www.synthekine.com
2021-11-16 18,https://www.synthekine.com
1671643702592,https://www.synthekine.com
2021-11-15 23,https://www.synthekine.com
2021-11-16 15,https://www.synthekine.com
2021-11-15 22,https://www.synthekine.com
2021-11-15 11,https://www.synthekine.com
282025-05-13 13,https://www.synthekine.com
2021-11-16 17,https://www.synthekine.com
1668757019,https://www.takeda.com
1675193384,https://www.takeda.com
+81 6 6204-2111,https://www.takeda.com
1742282359,https://www.takeda.com
+81 3 3278-2000,https://www.takeda.com
1684839809,https://www.takeda.com
1753803215,https://www.takeda.com
1731335828,https://www.takeda.com
1675193354,https://www.takeda.com
1748201422,https://www.takeda.com
1705078449,https://www.takeda.com
1675193360,https://www.takeda.com
+81 3 3278-2111,https://www.takeda.com
1719826284,https://www.takeda.com
1769803122,https://www.takeda.com
1677028367,https://www.takeda.com
1695703484,https://www.takeda.com
+81 6 6204-2880,https://www.takeda.com
1684891388,https://www.takeda.com
1742939661,https://www.takeda.com
1675193355,https://www.takeda.com
1748200762,https://www.takeda.com
+81 6 6204-28801-1,https://www.takeda.com
1-844-280-7681,https://www.ultragenyx.com
415-483-8800,https://www.ultragenyx.com
1-888-384-0599,https://www.ultragenyx.com
1-888-756-8657,https://www.ultragenyx.com
888-756-8657,https://www.ultragenyx.com
"94949
1-415-483-8800",https://www.ultragenyx.com
844-280-7681,https://www.ultragenyx.com
888-384-0599,https://www.ultragenyx.com
650.243.6300,https://www.veracyte.com
650.243.6335,https://www.veracyte.com
888.923.4762,https://www.veracyte.com
650.243.6388,https://www.veracyte.com
858.766.6575,https://www.veracyte.com
888.792.1601,https://www.veracyte.com
4567890123,https://www.vertex.com
888 123 4567,https://www.vertex.com
0123456512345601234560123456,https://www.vertex.com
+5123456789212345678961234567895123456789,https://www.vertex.com
0123456712345601231201234567890123456789,https://www.vertex.com
01211201010123401234,https://www.vertex.com
(888) 456-7890,https://www.vertex.com
0123451234,https://www.vertex.com
0123456789,https://www.vertex.com
41231251234567890123456789,https://www.vertex.com
3456012345,https://www.vertex.com
01234112340123456789212345678901234567895123456789,https://www.vertex.com
0123456712,https://www.vertex.com
1121120101,https://www.vertex.com
6123456789,https://www.vertex.com
4123125123,https://www.vertex.com
(888) 456-7890(888) 456-7890,https://www.vertex.com
0123401234,https://www.vertex.com
5123456789,https://www.vertex.com
0121120101,https://www.vertex.com
3456012312,https://www.vertex.com
0123456512,https://www.vertex.com
2123456789,https://www.vertex.com
0123411234,https://www.vertex.com
01234512340123456789212345678901234567890123456789,https://www.vertex.com
11211201010123401234,https://www.vertex.com
012345678901234567890123456789012345678901234567890123456789,https://www.vertex.com
(626) 305-5900,https://www.xencor.com
"91107
(626) 305-5900",https://www.xencor.com
"92130
(858) 617-6155",https://www.xencor.com
(858) 617-6155,https://www.xencor.com
(206) 237-1030,https://www.zymeworks.com
(604) 678-1388,https://www.zymeworks.com
(206) 237-0892,https://www.zymeworks.com
+1 925 401 7300,https://www.10xgenomics.com
925 401 7300,https://www.10xgenomics.com
2017-002246-6),https://www.10xgenomics.com
+44 (0) 1223 967943,https://www.4basebio.com
252023-09-27 14,https://www.4dmoleculartherapeutics.com
472023-09-26 17,https://www.4dmoleculartherapeutics.com
372026-01-05 11,https://www.4dmoleculartherapeutics.com
532024-02-08 15,https://www.4dmoleculartherapeutics.com
572025-08-28 09,https://www.4dmoleculartherapeutics.com
262024-07-10 17,https://www.4dmoleculartherapeutics.com
052026-01-05 11,https://www.4dmoleculartherapeutics.com
052025-01-14 13,https://www.4dmoleculartherapeutics.com
2023-06-10 08,https://www.4dmoleculartherapeutics.com
462024-08-27 15,https://www.4dmoleculartherapeutics.com
2025-08-15 11,https://www.4dmoleculartherapeutics.com
2022-12-21 08,https://www.4dmoleculartherapeutics.com
2023-10-04 14,https://www.4dmoleculartherapeutics.com
112025-12-04 09,https://www.4dmoleculartherapeutics.com
202024-06-21 14,https://www.4dmoleculartherapeutics.com
022026-01-05 11,https://www.4dmoleculartherapeutics.com
2025-03-27 04,https://www.4dmoleculartherapeutics.com
2025-02-01 06,https://www.4dmoleculartherapeutics.com
2025-01-01 05,https://www.4dmoleculartherapeutics.com
2025-01-17 12,https://www.4dmoleculartherapeutics.com
032026-01-05 15,https://www.4dmoleculartherapeutics.com
172025-12-04 09,https://www.4dmoleculartherapeutics.com
052025-08-27 09,https://www.4dmoleculartherapeutics.com
2025-04-01 07,https://www.4dmoleculartherapeutics.com
2024-02-08 15,https://www.4dmoleculartherapeutics.com
322026-01-05 11,https://www.4dmoleculartherapeutics.com
2023-04-15 08,https://www.4dmoleculartherapeutics.com
442025-12-04 09,https://www.4dmoleculartherapeutics.com
2025-12-04 11,https://www.4dmoleculartherapeutics.com
242025-02-12 10,https://www.4dmoleculartherapeutics.com
042024-06-21 13,https://www.4dmoleculartherapeutics.com
032023-09-27 11,https://www.4dmoleculartherapeutics.com
2023-09-14 08,https://www.4dmoleculartherapeutics.com
2024-08-06 16,https://www.4dmoleculartherapeutics.com
002023-09-26 17,https://www.4dmoleculartherapeutics.com
212024-02-08 15,https://www.4dmoleculartherapeutics.com
2025-12-04 09,https://www.4dmoleculartherapeutics.com
192025-08-27 09,https://www.4dmoleculartherapeutics.com
302024-02-08 17,https://www.4dmoleculartherapeutics.com
062026-01-05 12,https://www.4dmoleculartherapeutics.com
312026-01-05 11,https://www.4dmoleculartherapeutics.com
452024-08-27 15,https://www.4dmoleculartherapeutics.com
2024-05-08 14,https://www.4dmoleculartherapeutics.com
442024-10-11 11,https://www.4dmoleculartherapeutics.com
252023-09-27 10,https://www.4dmoleculartherapeutics.com
2024-10-09 14,https://www.4dmoleculartherapeutics.com
"94608
(510) 505-2680",https://www.4dmoleculartherapeutics.com
2025-08-01 10,https://www.4dmoleculartherapeutics.com
562023-09-26 17,https://www.4dmoleculartherapeutics.com
412023-09-27 11,https://www.4dmoleculartherapeutics.com
2024-10-02 13,https://www.4dmoleculartherapeutics.com
172026-01-05 11,https://www.4dmoleculartherapeutics.com
1707435403,https://www.4dmoleculartherapeutics.com
2025-01-14 13,https://www.4dmoleculartherapeutics.com
532025-01-14 13,https://www.4dmoleculartherapeutics.com
582026-01-05 11,https://www.4dmoleculartherapeutics.com
092026-01-05 11,https://www.4dmoleculartherapeutics.com
2025-07-01 09,https://www.4dmoleculartherapeutics.com
132026-01-05 12,https://www.4dmoleculartherapeutics.com
502025-08-27 08,https://www.4dmoleculartherapeutics.com
522025-12-04 09,https://www.4dmoleculartherapeutics.com
342024-08-06 16,https://www.4dmoleculartherapeutics.com
2023-06-08 08,https://www.4dmoleculartherapeutics.com
2024-10-15 15,https://www.4dmoleculartherapeutics.com
502024-08-27 15,https://www.4dmoleculartherapeutics.com
392023-10-04 14,https://www.4dmoleculartherapeutics.com
1707435403642,https://www.4dmoleculartherapeutics.com
2026-01-04 02,https://www.4dmoleculartherapeutics.com
062024-08-06 16,https://www.4dmoleculartherapeutics.com
2023-09-18 08,https://www.4dmoleculartherapeutics.com
562026-01-05 11,https://www.4dmoleculartherapeutics.com
2023-09-19 08,https://www.4dmoleculartherapeutics.com
582023-09-26 17,https://www.4dmoleculartherapeutics.com
322023-09-26 17,https://www.4dmoleculartherapeutics.com
562025-08-27 09,https://www.4dmoleculartherapeutics.com
002024-02-08 15,https://www.4dmoleculartherapeutics.com
502023-09-27 11,https://www.4dmoleculartherapeutics.com
082025-12-04 10,https://www.4dmoleculartherapeutics.com
002025-12-04 09,https://www.4dmoleculartherapeutics.com
242024-01-11 15,https://www.4dmoleculartherapeutics.com
262024-10-02 13,https://www.4dmoleculartherapeutics.com
262025-12-04 09,https://www.4dmoleculartherapeutics.com
2024-07-10 17,https://www.4dmoleculartherapeutics.com
172024-01-11 16,https://www.4dmoleculartherapeutics.com
2023-09-25 12,https://www.4dmoleculartherapeutics.com
312024-01-11 15,https://www.4dmoleculartherapeutics.com
2025-01-04 01,https://www.4dmoleculartherapeutics.com
102024-10-02 13,https://www.4dmoleculartherapeutics.com
142026-01-05 11,https://www.4dmoleculartherapeutics.com
452024-01-11 15,https://www.4dmoleculartherapeutics.com
2023-06-02 08,https://www.4dmoleculartherapeutics.com
162025-12-04 09,https://www.4dmoleculartherapeutics.com
2025-12-10 06,https://www.4dmoleculartherapeutics.com
2023-09-20 08,https://www.4dmoleculartherapeutics.com
112025-01-17 12,https://www.4dmoleculartherapeutics.com
042026-01-05 11,https://www.4dmoleculartherapeutics.com
2026-01-04 03,https://www.4dmoleculartherapeutics.com
282025-12-04 09,https://www.4dmoleculartherapeutics.com
192024-08-27 15,https://www.4dmoleculartherapeutics.com
2025-06-01 08,https://www.4dmoleculartherapeutics.com
182024-01-11 15,https://www.4dmoleculartherapeutics.com
092023-09-26 17,https://www.4dmoleculartherapeutics.com
342023-09-27 11,https://www.4dmoleculartherapeutics.com
(510) 505-2680,https://www.4dmoleculartherapeutics.com
532026-01-05 11,https://www.4dmoleculartherapeutics.com
482026-01-05 12,https://www.4dmoleculartherapeutics.com
542025-01-14 13,https://www.4dmoleculartherapeutics.com
2023-09-17 08,https://www.4dmoleculartherapeutics.com
132026-01-05 11,https://www.4dmoleculartherapeutics.com
082023-09-27 11,https://www.4dmoleculartherapeutics.com
492026-01-05 12,https://www.4dmoleculartherapeutics.com
272024-08-27 14,https://www.4dmoleculartherapeutics.com
2022-12-01 08,https://www.4dmoleculartherapeutics.com
2070595583,https://www.4dmoleculartherapeutics.com
2023-01-09 08,https://www.4dmoleculartherapeutics.com
582024-08-28 14,https://www.4dmoleculartherapeutics.com
2023-09-15 08,https://www.4dmoleculartherapeutics.com
072024-05-08 14,https://www.4dmoleculartherapeutics.com
2024-02-08 17,https://www.4dmoleculartherapeutics.com
2023-09-21 08,https://www.4dmoleculartherapeutics.com
202024-07-03 11,https://www.4dmoleculartherapeutics.com
252024-02-08 15,https://www.4dmoleculartherapeutics.com
412024-05-07 11,https://www.4dmoleculartherapeutics.com
2024-01-11 16,https://www.4dmoleculartherapeutics.com
412025-12-04 09,https://www.4dmoleculartherapeutics.com
2026-01-04 01,https://www.4dmoleculartherapeutics.com
2025-02-12 09,https://www.4dmoleculartherapeutics.com
182026-01-05 12,https://www.4dmoleculartherapeutics.com
592024-08-29 14,https://www.4dmoleculartherapeutics.com
2024-05-07 11,https://www.4dmoleculartherapeutics.com
2023-09-22 08,https://www.4dmoleculartherapeutics.com
582024-08-29 14,https://www.4dmoleculartherapeutics.com
592023-09-26 17,https://www.4dmoleculartherapeutics.com
412026-01-05 11,https://www.4dmoleculartherapeutics.com
192026-01-05 12,https://www.4dmoleculartherapeutics.com
2024-06-21 12,https://www.4dmoleculartherapeutics.com
2024-01-30 15,https://www.4dmoleculartherapeutics.com
2023-09-16 08,https://www.4dmoleculartherapeutics.com
332025-12-05 04,https://www.4dmoleculartherapeutics.com
402025-08-27 09,https://www.4dmoleculartherapeutics.com
262025-08-27 09,https://www.4dmoleculartherapeutics.com
2024-04-04 15,https://www.4dmoleculartherapeutics.com
2023-09-25 13,https://www.4dmoleculartherapeutics.com
452024-06-21 14,https://www.4dmoleculartherapeutics.com
442023-09-27 11,https://www.4dmoleculartherapeutics.com
122025-12-10 06,https://www.4dmoleculartherapeutics.com
382024-08-06 16,https://www.4dmoleculartherapeutics.com
332023-09-26 17,https://www.4dmoleculartherapeutics.com
302024-02-08 15,https://www.4dmoleculartherapeutics.com
022024-07-10 17,https://www.4dmoleculartherapeutics.com
2024-01-31 08,https://www.4dmoleculartherapeutics.com
592024-10-15 15,https://www.4dmoleculartherapeutics.com
2024-07-01 08,https://www.4dmoleculartherapeutics.com
272024-10-02 13,https://www.4dmoleculartherapeutics.com
292024-04-04 15,https://www.4dmoleculartherapeutics.com
162025-09-02 11,https://www.4dmoleculartherapeutics.com
2024-01-11 15,https://www.4dmoleculartherapeutics.com
+49 89 700763-29,https://www.4sc.com
+ 49 6201 84640-63,https://www.4sc.com
+49 89 700763-0,https://www.4sc.com
360.949.1041,https://www.absci.com
"94080
(650) 231-6625",https://www.acelyrin.com
(650) 231-6625,https://www.acelyrin.com
"2024
2023
2022
2021
2020
2019
2018
2017
2016
2015
2014
2013
2012
2006
2003",https://www.acimmune.com
+41 21 345 91 21,https://www.acimmune.com
+41 21 345 91 20,https://www.acimmune.com
(484) 324-7933,https://www.aclaristx.com
(314) 932-4032,https://www.aclaristx.com
"2
1
11
2
 
10
 
2
11
5
 
13
 
1
58",https://www.adverum.com
"5
3
19
5
0
27
0
4
26
8
0
28
0
3
128",https://www.adverum.com
"2
1
3
2
 
14
 
1
9
3
 
15
 
1
51",https://www.adverum.com
650-649-1995,https://www.adverum.com
650-656-9323,https://www.adverum.com
650-457-2700,https://www.allogene.com
