Email,Source URL
contactus@wockhardt.com,https://www.wockhardt.com
sales@erbamannheim.com,https://www.transasia.co.in
transasia@transasia.co.in,https://www.transasia.co.in
anantbavare@praj.net,https://www.praj.net
pune@in.mpms.mufg.com,https://www.praj.net
investorsfeedback@praj.net,https://www.praj.net
investor@praj.net,https://www.praj.net
service@biontech.de,https://www.biontech.com
ir@insilico.ai,https://insilico.com
IR@insilico.ai,https://insilico.com
compliance@insilico.ai,https://insilico.com
media@insilicomedicine.com,https://insilico.com
info@insilico.com,https://insilico.com
career@insilico.comFor,https://insilico.com
bd@insilicomedicine.com,https://insilico.com
IR@biogen.com,https://www.biogen.com
patientcenter@biogen.com,https://www.biogen.com
PublicAffairs.EU@biogen.com,https://www.biogen.com
medinfo@biogen.com,https://www.biogen.com
Public.affairs@biogen.com,https://www.biogen.com
public_affairs@gilead.com,https://www.gilead.com
GileadFoundation@gilead.com,https://www.gilead.com
returns@gilead.com,https://www.gilead.com
grants@gilead.com,https://www.gilead.com
corporate_development@gilead.com,https://www.gilead.com
investor_relations@gilead.com,https://www.gilead.com
dpo@gilead.com,https://www.gilead.com
public_affairs@kitepharma.com,https://www.gilead.com
Privacy@gilead.com,https://www.gilead.com
SupplierInclusion@Gilead.com,https://www.gilead.com
QualityComplaints@gilead.com,https://www.gilead.com
GileadOncologySupport@gilead.com,https://www.gilead.com
customercare@illumina.com,https://www.illumina.com
BD@crisprtx.com,https://www.crisprtx.com
DrugSafety.China@beonemed.com,https://www.beigene.com
PatientSafetyDK@beonemed.com,https://www.beigene.com
farmacovigilanciaBR@beonemed.com,https://www.beigene.com
PatientSafetyKR@beonemed.com,https://www.beigene.com
PatientSafetyNZ@beonemed.com,https://www.beigene.com
PatientSafetyAT@beonemed.com,https://www.beigene.com
PatientSafetyAU@beonemed.com,https://www.beigene.com
PatientSafetyUK@beonemed.com,https://www.beigene.com
PatientSafetySE@beonemed.com,https://www.beigene.com
PatientSafetyBE@beonemed.com,https://www.beigene.com
PatientSafetySG@beonemed.com,https://www.beigene.com
farmacovigilanciaCL@beonemed.com,https://www.beigene.com
PatientSafetyCH@beonemed.com,https://www.beigene.com
PatientSafetyPL@beonemed.com,https://www.beigene.com
PatientSafetyES@beonemed.com,https://www.beigene.com
PatientSafetyFR@beonemed.com,https://www.beigene.com
PatientSafetyJP@beonemed.com,https://www.beigene.com
PatientSafetyPT@beonemed.com,https://www.beigene.com
PatientSafetyDE@beonemed.com,https://www.beigene.com
PatientSafetyNO@beonemed.com,https://www.beigene.com
PatientSafetySA@beonemed.com,https://www.beigene.com
PatientSafetyZA@beonemed.com,https://www.beigene.com
farmacovigilanciaMX@beonemed.com,https://www.beigene.com
PatientSafetyTH@beonemed.com,https://www.beigene.com
PatientSafetyNL@beonemed.com,https://www.beigene.com
PatientSafetyIE@beonemed.com,https://www.beigene.com
PatientSafetyIT@beonemed.com,https://www.beigene.com
Adverse_Events@beonemed.com,https://www.beigene.com
PatientSafetyMY@beonemed.com,https://www.beigene.com
PatientSafetyIS@beonemed.com,https://www.beigene.com
farmacovigilanciaAR@beonemed.com,https://www.beigene.com
PatientSafetyIL@beonemed.com,https://www.beigene.com
PatientSafetyLU@beonemed.com,https://www.beigene.com
PatientSafetyFI@beonemed.com,https://www.beigene.com
medinfo@exelixis.com,https://www.exelixis.com
drugsafety@exelixis.com,https://www.exelixis.com
info@blueprintmedicines.com,https://www.blueprintmedicines.com
medinfoeurope@blueprintmedicines.com,https://www.blueprintmedicines.com
careers@blueprintmedicines.comBusiness,https://www.blueprintmedicines.com
bd@blueprintmedicines.com,https://www.blueprintmedicines.com
media@blueprintmedicines.comCareers,https://www.blueprintmedicines.com
medinfo@blueprintmedicines.com,https://www.blueprintmedicines.com
NPP@AgenusBio.com,https://www.agenusbio.com
awareness.adverse.events@agenusbio.com,https://www.agenusbio.com
Policymed.info@agenusbio.com,https://www.agenusbio.com
proposal.ist@agenusbio.comDrug,https://www.agenusbio.com
Trialsmed.info@agenusbio.com,https://www.agenusbio.com
affairsmed.info@agenusbio.com,https://www.agenusbio.com
Affairsmed.info@agenusbio.com,https://www.agenusbio.com
AAC@AgenusBio.com,https://www.agenusbio.com
support.bca@bruker.com,https://www.berkeleylights.com
sales@brukercellularanalysis.com,https://www.berkeleylights.com
info@bicycletx.com,https://www.bicycletherapeutics.com
patientsupport@genetixbiotx.com,https://www.bluebirdbio.com
info@genetixbiotx.com,https://www.bluebirdbio.com
medinfo@genetixbiotx.com,https://www.bluebirdbio.com
medical.sponsorship@genetixbiotx.com,https://www.bluebirdbio.com
grantsandsponsorships@genetixbiotx.com,https://www.bluebirdbio.com
clinicaltrials@genetixbiotx.com,https://www.bluebirdbio.com
licensing@bridgebio.comPatient,https://www.bridgebio.com
medinfo@bridgebio.comIf,https://www.bridgebio.com
contact@bridgebio.com,https://www.bridgebio.com
ir@bridgebio.com,https://www.bridgebio.com
info@bridgebio.com,https://www.bridgebio.com
patientadvocacy@bridgebio.com,https://www.bridgebio.com
info.europe@crinetics.com,https://www.crinetics.com
grants@crinetics.com,https://www.crinetics.com
ir@editasmed.com,https://www.editasmedicine.com
media@editasmed.com,https://www.editasmedicine.com
BD@editasmed.com,https://www.editasmedicine.com
info@editasmed.com,https://www.editasmedicine.com
patients@editasmed.com,https://www.editasmedicine.com
peopleteam@editasmed.com,https://www.editasmedicine.com
269-0203info@recursion.comGet,https://www.exscientia.ai
medinfo.eu@immunocore.com,https://www.immunocore.com
medical.information@immunocore.com,https://www.immunocore.com
partnering@immunocore.com,https://www.immunocore.com
media@incyte.com,https://www.incyte.com
eumedinfo@incyte.comView,https://www.incyte.com
Officeprivacy@incyte.com,https://www.incyte.com
incytemi.commedinfo@incyte.comCanada,https://www.incyte.com
eumedinfo@incyte.com,https://www.incyte.com
Inquiriesir@incyte.comGrant,https://www.incyte.com
incyteglobalmedicalinformation.comglobalmedinfo@incyte.comNorth,https://www.incyte.com
0120094139jpmedinfo@incyte.comEurope,https://www.incyte.com
globalmedinfo@incyte.comNorth,https://www.incyte.com
InquiriesMed_Affairs_Grants@incyte.comSponsorship,https://www.incyte.com
Inquiriesmedia@incyte.comInvestor,https://www.incyte.com
IncyteCanadaInquiry@incyte.comVisit,https://www.incyte.com
1-833-309-2759medinfocanada@incyte.comAsiaJapan,https://www.incyte.com
InquiriesIncyteGiving@incyte.comPreclinical,https://www.incyte.com
corporatecommunications@karyopharm.com,https://www.karyopharm.com
medicalinformation@karyopharm.com,https://www.karyopharm.com
business.development@orchard-tx.com,https://www.orchard-tx.com
media@orchard-tx.com,https://www.orchard-tx.com
investors@orchard-tx.com,https://www.orchard-tx.com
info@orchard-tx.com,https://www.orchard-tx.com
drugsafety@orchard-tx.com,https://www.orchard-tx.com
medinfo@orchard-tx.com,https://www.orchard-tx.com
patient.advocacy@orchard-tx.com,https://www.orchard-tx.com
inquiries@revmed.com,https://www.revolutionmedicines.com
bd@revmed.com,https://www.revolutionmedicines.com
media@sana.com,https://www.sana.com
investor.relations@sana.com,https://www.sana.com
contact@sana.com,https://www.sana.com
patientadvocacy@sana.com,https://www.sana.com
feedback@semanticscholar.org,https://www.semanticscholar.org
bd@synthekine.com,https://www.synthekine.com
info@example.comStart,https://www.vertex.com
HELLO@VERTEX.comLet,https://www.vertex.com
USAinfo@example.com,https://www.vertex.com
info@xencor.com,https://www.xencor.com
collaborate@xencor.com,https://www.xencor.com
helpsupport@10xgenomics.com,https://www.10xgenomics.com
info@4basebio.com,https://www.4basebio.com
info@4dmt.com,https://www.4dmoleculartherapeutics.com
info@89bio.com,https://www.89bio.com
inquiries.press@abalonebio.comContactMore,https://www.abalonebio.com
inquiries.info@abalonebio.comAbalone,https://www.abalonebio.com
togetherbd@abalonebio.comNewsroomPress,https://www.abalonebio.com
bd@alumis.com,https://www.acelyrin.com
careers@alumis.com,https://www.acelyrin.com
info@alumis.com,https://www.acelyrin.com
info@acimmune.com,https://www.acimmune.com
Media@aclaristx.comFor,https://www.aclaristx.com
Recruiting@aclaristx.comAccessibility,https://www.aclaristx.com
Investors@aclaristx.comFor,https://www.aclaristx.com
